{
  "clientToken" : "",
  "launcherVersion" : {
    "format" : 21,
    "name" : "",
    "profilesFormat" : 2
  },
  "profiles" : {
    "6a031432bfbd449b295e05e6e7f1f790" : {
      "created" : "1970-01-02T00:00:00.000Z",
      "icon" : "Grass",
      "lastUsed" : "2021-03-11T15:23:00.786Z",
      "lastVersionId" : "latest-release",
      "name" : "",
      "type" : "latest-release"
    },
    "b53f54165e4b4be214755b0eb025b8df" : {
      "created" : "1970-01-01T00:00:00.000Z",
      "icon" : "Crafting_Table",
      "lastUsed" : "1970-01-01T00:00:00.000Z",
      "lastVersionId" : "latest-snapshot",
      "name" : "",
      "type" : "latest-snapshot"
    }
  },
  "settings" : {
    "crashAssistance" : true,
    "enableAdvanced" : false,
    "enableAnalytics" : true,
    "enableHistorical" : false,
    "enableReleases" : true,
    "enableSnapshots" : false,
    "keepLauncherOpen" : false,
    "profileSorting" : "ByLastPlayed",
    "showGameLog" : false,
    "showMenu" : false,
    "soundOn" : false
  }
}
